record_type,party,region,constituency,seats,votes,vote_pct,majority,turnout_pct,turnout_total,electorate
seat_breakdown,Labour,,,418,,,,,,
seat_breakdown,Conservative,,,165,,,,,,
seat_breakdown,Liberal Democrat,,,46,,,,,,
seat_breakdown,UUP,,,10,,,,,,
seat_breakdown,SNP,,,6,,,,,,
seat_breakdown,Plaid Cymru,,,4,,,,,,
seat_breakdown,SDLP,,,3,,,,,,
seat_breakdown,DUP,,,2,,,,,,
seat_breakdown,Sinn Fein,,,2,,,,,,
seat_breakdown,Speaker,,,1,,,,,,
seat_breakdown,UK Unionist,,,1,,,,,,
seat_breakdown,Independents,,,1,,,,,,
vote_summary,Labour,,,418,13518167,43.21%,,,,
vote_summary,Conservative,,,165,9600943,30.69%,,,,
vote_summary,Liberal Democrat,,,46,5242947,16.76%,,,,
vote_summary,SNP,,,6,621550,1.99%,,,,
vote_summary,UUP,,,10,258349,0.83%,,,,
vote_summary,SDLP,,,3,190814,0.61%,,,,
vote_summary,Plaid Cymru,,,4,161030,0.51%,,,,
vote_summary,Sinn Fein,,,2,126921,0.41%,,,,
vote_summary,DUP,,,2,107348,0.34%,,,,
vote_summary,UKIP,,,0,105722,0.34%,,,,
vote_summary,Green,,,0,63991,0.20%,,,,
vote_summary,Alliance,,,0,62972,0.20%,,,,
vote_summary,Speaker,,,1,23969,0.08%,,,,
vote_summary,TUP,,,0,12817,0.04%,,,,
vote_summary,Independents,,,2,939869,3.00%,,,,
vote_summary,Others,,,0,248875,0.80%,,,,
overall_total,,,,,,,,71.46%,31286284,
overall_total,,,,,,,,,,43784559
constituency_result,Labour,London,Barking,,,,15896,61.41%,,
constituency_result,Labour,London,Battersea,,,,5360,70.82%,,
constituency_result,Labour,London,Bethnal Green and Bow,,,,11285,61.20%,,
constituency_result,Labour,London,Bexleyheath and Crayford,,,,3415,76.14%,,
constituency_result,Labour,London,Brent East,,,,15882,65.87%,,
constituency_result,Labour,London,Brent North,,,,4019,70.50%,,
constituency_result,Labour,London,Brent South,,,,19691,64.48%,,
constituency_result,Labour,London,Brentford and Isleworth,,,,14424,71.00%,,
constituency_result,Labour,London,Camberwell and Peckham,,,,16451,56.51%,,
constituency_result,Labour,London,Croydon Central,,,,3897,69.62%,,
constituency_result,Labour,London,Croydon North,,,,18398,68.21%,,
constituency_result,Labour,London,Dagenham,,,,17054,61.74%,,
constituency_result,Labour,London,Dulwich and West Norwood,,,,16769,65.49%,,
constituency_result,Labour,London,Ealing Acton and Shepherd's Bush,,,,15650,66.68%,,
constituency_result,Labour,London,Ealing North,,,,9160,71.31%,,
constituency_result,Labour,London,Ealing Southall,,,,21423,66.88%,,
constituency_result,Labour,London,East Ham,,,,19358,60.81%,,
constituency_result,Labour,London,Edmonton,,,,13472,70.37%,,
constituency_result,Labour,London,Eltham,,,,10182,75.71%,,
constituency_result,Labour,London,Enfield North,,,,6822,70.43%,,
constituency_result,Labour,London,Enfield Southgate,,,,1433,70.72%,,
constituency_result,Labour,London,Erith and Thamesmead,,,,17424,66.13%,,
constituency_result,Labour,London,Feltham and Heston,,,,15273,65.58%,,
constituency_result,Labour,London,Finchley and Golders Green,,,,3189,69.65%,,
constituency_result,Labour,London,Greenwich and Woolwich,,,,18128,65.85%,,
constituency_result,Labour,London,Hackney North and Stoke Newington,,,,15627,52.19%,,
constituency_result,Labour,London,Hackney South and Shoreditch,,,,14990,54.69%,,
constituency_result,Labour,London,Hammersmith and Fulham,,,,3842,68.70%,,
constituency_result,Labour,London,Hampstead and Highgate,,,,13284,67.86%,,
constituency_result,Labour,London,Harrow East,,,,9734,71.36%,,
constituency_result,Labour,London,Harrow West,,,,1240,72.92%,,
constituency_result,Labour,London,Hayes and Harlington,,,,14291,72.31%,,
constituency_result,Labour,London,Hendon,,,,6155,65.67%,,
constituency_result,Labour,London,Holborn and St Pancras,,,,17903,60.29%,,
constituency_result,Labour,London,Hornchurch,,,,5680,72.30%,,
constituency_result,Labour,London,Hornsey and Wood Green,,,,20499,69.08%,,
constituency_result,Labour,London,Ilford North,,,,3224,71.61%,,
constituency_result,Labour,London,Ilford South,,,,14200,69.37%,,
constituency_result,Labour,London,Islington North,,,,19955,62.49%,,
constituency_result,Labour,London,Islington South and Finsbury,,,,14563,63.67%,,
constituency_result,Labour,London,Lewisham Deptford,,,,18878,57.87%,,
constituency_result,Labour,London,Lewisham East,,,,12127,66.41%,,
constituency_result,Labour,London,Lewisham West,,,,14317,64.04%,,
constituency_result,Labour,London,Leyton and Wanstead,,,,15186,63.24%,,
constituency_result,Labour,London,Mitcham and Morden,,,,13741,73.33%,,
constituency_result,Labour,London,Poplar and Canning Town,,,,18915,58.46%,,
constituency_result,Labour,London,Putney,,,,2976,73.11%,,
constituency_result,Labour,London,Regent's Park and Kensington North,,,,14657,64.19%,,
constituency_result,Labour,London,Romford,,,,649,70.66%,,
constituency_result,Labour,London,Streatham,,,,18423,60.24%,,
constituency_result,Labour,London,Tooting,,,,15011,69.17%,,
constituency_result,Labour,London,Tottenham,,,,20200,56.98%,,
constituency_result,Labour,London,Upminster,,,,2770,72.30%,,
constituency_result,Labour,London,Vauxhall,,,,18660,55.49%,,
constituency_result,Labour,London,Walthamstow,,,,17149,62.76%,,
constituency_result,Labour,London,West Ham,,,,19494,58.99%,,
constituency_result,Labour,London,Wimbledon,,,,2990,75.45%,,
constituency_result,Labour,East of England,Basildon,,,,13280,71.74%,,
constituency_result,Labour,East of England,Bedford,,,,8300,73.53%,,
constituency_result,Labour,East of England,Braintree,,,,1451,76.37%,,
constituency_result,Labour,East of England,Cambridge,,,,14137,71.63%,,
constituency_result,Labour,East of England,Castle Point,,,,1143,72.30%,,
constituency_result,Labour,East of England,Great Yarmouth,,,,8668,71.23%,,
constituency_result,Labour,East of England,Harlow,,,,10514,74.62%,,
constituency_result,Labour,East of England,Harwich,,,,1216,70.62%,,
constituency_result,Labour,East of England,Hemel Hempstead,,,,3636,77.09%,,
constituency_result,Labour,East of England,Ipswich,,,,10436,72.24%,,
constituency_result,Labour,East of England,Luton North,,,,9626,73.25%,,
constituency_result,Labour,East of England,Luton South,,,,11319,70.45%,,
constituency_result,Labour,East of England,Norfolk North West,,,,1339,74.72%,,
constituency_result,Labour,East of England,Norwich North,,,,9470,75.92%,,
constituency_result,Labour,East of England,Norwich South,,,,14239,72.56%,,
constituency_result,Labour,East of England,Peterborough,,,,7323,73.46%,,
constituency_result,Labour,East of England,St Albans,,,,4459,77.49%,,
constituency_result,Labour,East of England,Stevenage,,,,11582,76.82%,,
constituency_result,Labour,East of England,Thurrock,,,,17256,65.94%,,
constituency_result,Labour,East of England,Watford,,,,5792,74.63%,,
constituency_result,Labour,East of England,Waveney,,,,12093,74.74%,,
constituency_result,Labour,East of England,Welwyn Hatfield,,,,5595,78.59%,,
constituency_result,Labour,South East,Brighton Kemptown,,,,3534,70.81%,,
constituency_result,Labour,South East,Brighton Pavilion,,,,13181,73.69%,,
constituency_result,Labour,South East,Chatham and Aylesford,,,,2790,71.07%,,
constituency_result,Labour,South East,Crawley,,,,11707,73.03%,,
constituency_result,Labour,South East,Dartford,,,,4328,74.63%,,
constituency_result,Labour,South East,Dover,,,,11739,78.93%,,
constituency_result,Labour,South East,Gillingham,,,,1980,72.00%,,
constituency_result,Labour,South East,Gravesham,,,,5779,76.92%,,
constituency_result,Labour,South East,Hastings and Rye,,,,2560,69.71%,,
constituency_result,Labour,South East,Hove,,,,3959,69.72%,,
constituency_result,Labour,South East,Medway,,,,5354,72.47%,,
constituency_result,Labour,South East,Milton Keynes North East,,,,240,72.78%,,
constituency_result,Labour,South East,Milton Keynes South West,,,,10292,71.42%,,
constituency_result,Labour,South East,Oxford East,,,,16665,69.05%,,
constituency_result,Labour,South East,Portsmouth North,,,,4323,70.14%,,
constituency_result,Labour,South East,Reading East,,,,3795,70.15%,,
constituency_result,Labour,South East,Reading West,,,,2997,70.05%,,
constituency_result,Labour,South East,Sittingbourne and Sheppey,,,,1929,72.30%,,
constituency_result,Labour,South East,Slough,,,,13071,67.91%,,
constituency_result,Labour,South East,Southampton Itchen,,,,14229,70.04%,,
constituency_result,Labour,South East,Southampton Test,,,,13684,71.85%,,
constituency_result,Labour,South East,Thanet South,,,,2878,71.65%,,
constituency_result,Labour,South West,Bristol East,,,,16159,69.87%,,
constituency_result,Labour,South West,Bristol North West,,,,11382,73.65%,,
constituency_result,Labour,South West,Bristol South,,,,19328,68.87%,,
constituency_result,Labour,South West,Bristol West,,,,1493,73.81%,,
constituency_result,Labour,South West,Exeter,,,,11705,78.16%,,
constituency_result,Labour,South West,Falmouth and Camborne,,,,2688,75.13%,,
constituency_result,Labour,South West,Forest of Dean,,,,6343,79.07%,,
constituency_result,Labour,South West,Gloucester,,,,8259,73.61%,,
constituency_result,Labour,South West,Kingswood,,,,14253,77.75%,,
constituency_result,Labour,South West,Plymouth Devonport,,,,19067,69.76%,,
constituency_result,Labour,South West,Plymouth Sutton,,,,9440,67.43%,,
constituency_result,Labour,South West,Stroud,,,,2910,79.16%,,
constituency_result,Labour,South West,Swindon North,,,,7688,73.66%,,
constituency_result,Labour,South West,Swindon South,,,,5645,72.87%,,
constituency_result,Labour,South West,Wansdyke,,,,4799,79.27%,,
constituency_result,Labour,East Midlands,Amber Valley,,,,11613,76.07%,,
constituency_result,Labour,East Midlands,Ashfield,,,,22728,70.02%,,
constituency_result,Labour,East Midlands,Bassetlaw,,,,17348,70.49%,,
constituency_result,Labour,East Midlands,Bolsover,,,,27149,71.32%,,
constituency_result,Labour,East Midlands,Broxtowe,,,,5575,78.41%,,
constituency_result,Labour,East Midlands,Chesterfield,,,,5775,70.91%,,
constituency_result,Labour,East Midlands,Corby,,,,11860,77.91%,,
constituency_result,Labour,East Midlands,Derby North,,,,10615,73.76%,,
constituency_result,Labour,East Midlands,Derby South,,,,16106,67.84%,,
constituency_result,Labour,East Midlands,Derbyshire North East,,,,18321,72.54%,,
constituency_result,Labour,East Midlands,Derbyshire South,,,,13967,78.21%,,
constituency_result,Labour,East Midlands,Erewash,,,,9135,77.95%,,
constituency_result,Labour,East Midlands,Gedling,,,,3802,75.80%,,
constituency_result,Labour,East Midlands,High Peak,,,,8791,79.03%,,
constituency_result,Labour,East Midlands,Kettering,,,,189,75.79%,,
constituency_result,Labour,East Midlands,Leicester East,,,,18422,69.37%,,
constituency_result,Labour,East Midlands,Leicester South,,,,16493,67.06%,,
constituency_result,Labour,East Midlands,Leicester West,,,,12864,63.36%,,
constituency_result,Labour,East Midlands,Leicestershire North West,,,,13219,79.95%,,
constituency_result,Labour,East Midlands,Lincoln,,,,11130,71.08%,,
constituency_result,Labour,East Midlands,Loughborough,,,,5712,75.95%,,
constituency_result,Labour,East Midlands,Mansfield,,,,20518,70.72%,,
constituency_result,Labour,East Midlands,Newark,,,,3016,74.50%,,
constituency_result,Labour,East Midlands,Northampton North,,,,10000,70.18%,,
constituency_result,Labour,East Midlands,Northampton South,,,,744,71.94%,,
constituency_result,Labour,East Midlands,Nottingham East,,,,15419,60.60%,,
constituency_result,Labour,East Midlands,Nottingham North,,,,18801,63.02%,,
constituency_result,Labour,East Midlands,Nottingham South,,,,13364,67.00%,,
constituency_result,Labour,East Midlands,Sherwood,,,,16812,75.59%,,
constituency_result,Labour,East Midlands,Wellingborough,,,,187,75.10%,,
constituency_result,Labour,West Midlands,Birmingham Edgbaston,,,,4842,69.03%,,
constituency_result,Labour,West Midlands,Birmingham Erdington,,,,12657,60.87%,,
constituency_result,Labour,West Midlands,Birmingham Hall Green,,,,8420,71.16%,,
constituency_result,Labour,West Midlands,Birmingham Hodge Hill,,,,14200,60.91%,,
constituency_result,Labour,West Midlands,Birmingham Ladywood,,,,23082,54.24%,,
constituency_result,Labour,West Midlands,Birmingham Northfield,,,,11443,68.34%,,
constituency_result,Labour,West Midlands,Birmingham Perry Barr,,,,18957,64.60%,,
constituency_result,Labour,West Midlands,Birmingham Selly Oak,,,,14088,70.16%,,
constituency_result,Labour,West Midlands,Birmingham Yardley,,,,5315,71.22%,,
constituency_result,Labour,West Midlands,Burton,,,,6330,75.08%,,
constituency_result,Labour,West Midlands,Cannock Chase,,,,14478,72.37%,,
constituency_result,Labour,West Midlands,Coventry North East,,,,22569,64.74%,,
constituency_result,Labour,West Midlands,Coventry North West,,,,16601,71.07%,,
constituency_result,Labour,West Midlands,Coventry South,,,,10953,69.79%,,
constituency_result,Labour,West Midlands,Dudley North,,,,9457,69.45%,,
constituency_result,Labour,West Midlands,Dudley South,,,,13027,71.78%,,
constituency_result,Labour,West Midlands,Halesowen and Rowley Regis,,,,10337,73.61%,,
constituency_result,Labour,West Midlands,Newcastle-under-Lyme,,,,17206,75.17%,,
constituency_result,Labour,West Midlands,Nuneaton,,,,13540,74.29%,,
constituency_result,Labour,West Midlands,Redditch,,,,6125,73.55%,,
constituency_result,Labour,West Midlands,Rugby and Kenilworth,,,,495,77.10%,,
constituency_result,Labour,West Midlands,Shrewsbury and Atcham,,,,1670,75.25%,,
constituency_result,Labour,West Midlands,Birmingham Sparkbrook and Small Heath,,,,19526,57.11%,,
constituency_result,Labour,West Midlands,Stafford,,,,4314,76.64%,,
constituency_result,Labour,West Midlands,Staffordshire Moorlands,,,,10049,77.34%,,
constituency_result,Labour,West Midlands,Stoke-on-Trent Central,,,,19924,62.77%,,
constituency_result,Labour,West Midlands,Stoke-on-Trent North,,,,17392,65.50%,,
constituency_result,Labour,West Midlands,Stoke-on-Trent South,,,,18303,66.08%,,
constituency_result,Labour,West Midlands,Stourbridge,,,,5645,76.50%,,
constituency_result,Labour,West Midlands,Tamworth,,,,7496,74.18%,,
constituency_result,Labour,West Midlands,Telford,,,,11290,65.62%,,
constituency_result,Labour,West Midlands,"Wrekin, The",,,,3025,76.56%,,
constituency_result,Labour,West Midlands,Walsall North,,,,12588,64.07%,,
constituency_result,Labour,West Midlands,Walsall South,,,,11312,67.34%,,
constituency_result,Labour,West Midlands,Warley,,,,15451,65.08%,,
constituency_result,Labour,West Midlands,Warwick and Leamington,,,,3398,75.71%,,
constituency_result,Labour,West Midlands,Warwickshire North,,,,14767,74.71%,,
constituency_result,Labour,West Midlands,West Bromwich East,,,,13584,65.44%,,
constituency_result,Labour,West Midlands,Wolverhampton North East,,,,12987,67.17%,,
constituency_result,Labour,West Midlands,Wolverhampton South East,,,,15182,64.15%,,
constituency_result,Labour,West Midlands,Wolverhampton South West,,,,5118,72.49%,,
constituency_result,Labour,West Midlands,Worcester,,,,7425,74.56%,,
constituency_result,Labour,West Midlands,Wyre Forest,,,,6946,75.35%,,
constituency_result,Labour,Yorkshire and the Humber,Barnsley Central,,,,24501,59.68%,,
constituency_result,Labour,Yorkshire and the Humber,Barnsley East and Mexborough,,,,26763,63.88%,,
constituency_result,Labour,Yorkshire and the Humber,Barnsley West and Penistone,,,,17267,65.04%,,
constituency_result,Labour,Yorkshire and the Humber,Batley and Spen,,,,6141,73.14%,,
constituency_result,Labour,Yorkshire and the Humber,Bradford North,,,,12770,63.26%,,
constituency_result,Labour,Yorkshire and the Humber,Bradford South,,,,12936,65.88%,,
constituency_result,Labour,Yorkshire and the Humber,Bradford West,,,,3877,63.32%,,
constituency_result,Labour,Yorkshire and the Humber,Brigg and Goole,,,,6389,73.53%,,
constituency_result,Labour,Yorkshire and the Humber,Calder Valley,,,,6255,75.39%,,
constituency_result,Labour,Yorkshire and the Humber,Cleethorpes,,,,9176,73.40%,,
constituency_result,Labour,Yorkshire and the Humber,Colne Valley,,,,4840,76.92%,,
constituency_result,Labour,Yorkshire and the Humber,Dewsbury,,,,8323,70.01%,,
constituency_result,Labour,Yorkshire and the Humber,Don Valley,,,,14659,66.35%,,
constituency_result,Labour,Yorkshire and the Humber,Doncaster Central,,,,17856,63.92%,,
constituency_result,Labour,Yorkshire and the Humber,Doncaster North,,,,21937,63.30%,,
constituency_result,Labour,Yorkshire and the Humber,Elmet,,,,8779,76.81%,,
constituency_result,Labour,Yorkshire and the Humber,Great Grimsby,,,,16244,66.26%,,
constituency_result,Labour,Yorkshire and the Humber,Halifax,,,,11212,70.51%,,
constituency_result,Labour,Yorkshire and the Humber,Hemsworth,,,,23992,67.91%,,
constituency_result,Labour,Yorkshire and the Humber,Huddersfield,,,,15848,67.69%,,
constituency_result,Labour,Yorkshire and the Humber,Hull East,,,,23318,58.90%,,
constituency_result,Labour,Yorkshire and the Humber,Hull North,,,,19705,56.96%,,
constituency_result,Labour,Yorkshire and the Humber,Hull West and Hessle,,,,15525,58.25%,,
constituency_result,Labour,Yorkshire and the Humber,Keighley,,,,7132,76.57%,,
constituency_result,Labour,Yorkshire and the Humber,Leeds Central,,,,20689,54.70%,,
constituency_result,Labour,Yorkshire and the Humber,Leeds East,,,,17466,62.83%,,
constituency_result,Labour,Yorkshire and the Humber,Leeds North East,,,,6959,72.03%,,
constituency_result,Labour,Yorkshire and the Humber,Leeds North West,,,,3844,70.57%,,
constituency_result,Labour,Yorkshire and the Humber,Leeds West,,,,19771,62.88%,,
constituency_result,Labour,Yorkshire and the Humber,Morley and Rothwell,,,,14750,67.12%,,
constituency_result,Labour,Yorkshire and the Humber,Normanton,,,,15893,68.28%,,
constituency_result,Labour,Yorkshire and the Humber,Pontefract and Castleford,,,,25725,66.39%,,
constituency_result,Labour,Yorkshire and the Humber,Pudsey,,,,6207,74.35%,,
constituency_result,Labour,Yorkshire and the Humber,Rother Valley,,,,23485,67.26%,,
constituency_result,Labour,Yorkshire and the Humber,Rotherham,,,,21469,62.86%,,
constituency_result,Labour,Yorkshire and the Humber,Scarborough and Whitby,,,,5124,71.61%,,
constituency_result,Labour,Yorkshire and the Humber,Scunthorpe,,,,14173,68.84%,,
constituency_result,Labour,Yorkshire and the Humber,Selby,,,,3836,74.95%,,
constituency_result,Labour,Yorkshire and the Humber,Sheffield Attercliffe,,,,21818,64.65%,,
constituency_result,Labour,Yorkshire and the Humber,Sheffield Brightside,,,,19954,57.47%,,
constituency_result,Labour,Yorkshire and the Humber,Sheffield Central,,,,16906,53.04%,,
constituency_result,Labour,Yorkshire and the Humber,Sheffield Heeley,,,,17078,64.96%,,
constituency_result,Labour,Yorkshire and the Humber,Sheffield Hillsborough,,,,16451,71.04%,,
constituency_result,Labour,Yorkshire and the Humber,Shipley,,,,2996,76.32%,,
constituency_result,Labour,Yorkshire and the Humber,Wakefield,,,,14604,68.96%,,
constituency_result,Labour,Yorkshire and the Humber,Wentworth,,,,23959,65.33%,,
constituency_result,Labour,Yorkshire and the Humber,York,,,,20523,73.50%,,
constituency_result,Labour,North East,Bishop Auckland,,,,21064,68.99%,,
constituency_result,Labour,North East,Blaydon,,,,16605,70.98%,,
constituency_result,Labour,North East,Blyth Valley,,,,17736,68.78%,,
constituency_result,Labour,North East,Darlington,,,,16025,73.95%,,
constituency_result,Labour,North East,Durham North,,,,26299,69.48%,,
constituency_result,Labour,North East,Durham North West,,,,24754,68.97%,,
constituency_result,Labour,North East,"Durham, City of",,,,22504,70.86%,,
constituency_result,Labour,North East,Easington,,,,30012,67.01%,,
constituency_result,Labour,North East,Gateshead East and Washington West,,,,24950,67.19%,,
constituency_result,Labour,North East,Hartlepool,,,,17508,65.65%,,
constituency_result,Labour,North East,Houghton and Washington East,,,,26555,62.10%,,
constituency_result,Labour,North East,Jarrow,,,,21933,68.84%,,
constituency_result,Labour,North East,Middlesbrough,,,,25018,64.99%,,
constituency_result,Labour,North East,Middlesbrough South and Cleveland East,,,,10607,76.03%,,
constituency_result,Labour,North East,Newcastle upon Tyne Central,,,,16480,69.11%,,
constituency_result,Labour,North East,Newcastle upon Tyne East and Wallsend,,,,23811,59.60%,,
constituency_result,Labour,North East,Newcastle upon Tyne North,,,,19332,71.48%,,
constituency_result,Labour,North East,Redcar,,,,21667,71.00%,,
constituency_result,Labour,North East,Sedgefield,,,,25143,72.57%,,
constituency_result,Labour,North East,South Shields,,,,22153,62.60%,,
constituency_result,Labour,North East,Stockton North,,,,21357,69.08%,,
constituency_result,Labour,North East,Stockton South,,,,11585,76.12%,,
constituency_result,Labour,North East,Sunderland North,,,,19697,59.05%,,
constituency_result,Labour,North East,Sunderland South,,,,19638,58.77%,,
constituency_result,Labour,North East,Tyne Bridge,,,,22906,57.08%,,
constituency_result,Labour,North East,Tynemouth,,,,11273,77.11%,,
constituency_result,Labour,North East,Tyneside North,,,,26643,67.90%,,
constituency_result,Labour,North East,Wansbeck,,,,22367,71.70%,,
constituency_result,Labour,North West,Ashton-under-Lyne,,,,22965,65.48%,,
constituency_result,Labour,North West,Barrow and Furness,,,,14497,72.03%,,
constituency_result,Labour,North West,Birkenhead,,,,21843,65.78%,,
constituency_result,Labour,North West,Blackburn,,,,14451,65.01%,,
constituency_result,Labour,North West,Blackpool North and Fleetwood,,,,8946,71.67%,,
constituency_result,Labour,North West,Blackpool South,,,,11616,67.80%,,
constituency_result,Labour,North West,Bolton North East,,,,12669,72.44%,,
constituency_result,Labour,North West,Bolton South East,,,,21311,65.23%,,
constituency_result,Labour,North West,Bolton West,,,,7072,77.37%,,
constituency_result,Labour,North West,Bootle,,,,28421,66.73%,,
constituency_result,Labour,North West,Burnley,,,,17062,66.95%,,
constituency_result,Labour,North West,Bury North,,,,7866,78.07%,,
constituency_result,Labour,North West,Bury South,,,,12381,75.68%,,
constituency_result,Labour,North West,Carlisle,,,,12390,72.78%,,
constituency_result,Labour,North West,"Chester, City of",,,,10553,78.43%,,
constituency_result,Labour,North West,Chorley,,,,9870,77.58%,,
constituency_result,Labour,North West,Copeland,,,,11996,76.29%,,
constituency_result,Labour,North West,Crewe and Nantwich,,,,15798,73.67%,,
constituency_result,Labour,North West,Crosby,,,,7182,77.18%,,
constituency_result,Labour,North West,Denton and Reddish,,,,20311,66.92%,,
constituency_result,Labour,North West,Eccles,,,,21916,65.60%,,
constituency_result,Labour,North West,Ellesmere Port and Neston,,,,16035,77.79%,,
constituency_result,Labour,North West,Halton,,,,23650,68.38%,,
constituency_result,Labour,North West,Heywood and Middleton,,,,17542,68.41%,,
constituency_result,Labour,North West,Hyndburn,,,,11448,72.26%,,
constituency_result,Labour,North West,Knowsley North and Sefton East,,,,26147,70.09%,,
constituency_result,Labour,North West,Knowsley South,,,,30708,67.47%,,
constituency_result,Labour,North West,Lancashire West,,,,17119,74.79%,,
constituency_result,Labour,North West,Lancaster and Wyre,,,,1295,75.30%,,
constituency_result,Labour,North West,Leigh,,,,24496,65.69%,,
constituency_result,Labour,North West,Liverpool Garston,,,,18417,65.14%,,
constituency_result,Labour,North West,Liverpool Riverside,,,,21799,51.93%,,
constituency_result,Labour,North West,Liverpool Walton,,,,27038,59.54%,,
constituency_result,Labour,North West,Liverpool West Derby,,,,25965,61.38%,,
constituency_result,Labour,North West,Makerfield,,,,26177,66.83%,,
constituency_result,Labour,North West,Manchester Blackley,,,,19588,57.46%,,
constituency_result,Labour,North West,Manchester Central,,,,19682,52.55%,,
constituency_result,Labour,North West,Manchester Gorton,,,,17342,56.43%,,
constituency_result,Labour,North West,Manchester Withington,,,,18581,66.59%,,
constituency_result,Labour,North West,Morecambe and Lunesdale,,,,5965,72.41%,,
constituency_result,Labour,North West,Oldham East and Saddleworth,,,,3389,73.92%,,
constituency_result,Labour,North West,Oldham West and Royton,,,,16201,66.09%,,
constituency_result,Labour,North West,Pendle,,,,10824,74.60%,,
constituency_result,Labour,North West,Preston,,,,18680,65.92%,,
constituency_result,Labour,North West,Rochdale,,,,4545,70.16%,,
constituency_result,Labour,North West,Rossendale and Darwen,,,,10949,73.42%,,
constituency_result,Labour,North West,Salford,,,,17069,56.51%,,
constituency_result,Labour,North West,South Ribble,,,,5084,77.06%,,
constituency_result,Labour,North West,St Helens North,,,,23417,68.97%,,
constituency_result,Labour,North West,St Helens South,,,,23739,66.53%,,
constituency_result,Labour,North West,Stalybridge and Hyde,,,,14806,65.80%,,
constituency_result,Labour,North West,Stockport,,,,18912,71.54%,,
constituency_result,Labour,North West,Stretford and Urmston,,,,13640,69.65%,,
constituency_result,Labour,North West,Wallasey,,,,19074,73.52%,,
constituency_result,Labour,North West,Warrington North,,,,19527,70.50%,,
constituency_result,Labour,North West,Warrington South,,,,10807,76.23%,,
constituency_result,Labour,North West,Liverpool Wavertree,,,,19701,62.85%,,
constituency_result,Labour,North West,Weaver Vale,,,,13448,73.17%,,
constituency_result,Labour,North West,Wigan,,,,22643,67.74%,,
constituency_result,Labour,North West,Wirral South,,,,7004,81.01%,,
constituency_result,Labour,North West,Wirral West,,,,2738,76.98%,,
constituency_result,Labour,North West,Workington,,,,19656,75.08%,,
constituency_result,Labour,North West,Worsley,,,,17741,67.82%,,
constituency_result,Labour,North West,Wythenshawe and Sale East,,,,15019,63.25%,,
constituency_result,Labour,Scotland,Aberdeen Central,,,,10801,65.64%,,
constituency_result,Labour,Scotland,Aberdeen North,,,,10010,70.74%,,
constituency_result,Labour,Scotland,Aberdeen South,,,,3365,72.84%,,
constituency_result,Labour,Scotland,Airdrie and Shotts,,,,15412,71.40%,,
constituency_result,Labour,Scotland,Ayr,,,,6543,80.17%,,
constituency_result,Labour,Scotland,"Carrick, Cumnock and Doon Valley",,,,21062,74.96%,,
constituency_result,Labour,Scotland,Clydebank and Milngavie,,,,13320,75.03%,,
constituency_result,Labour,Scotland,Clydesdale,,,,13809,71.60%,,
constituency_result,Labour,Scotland,Coatbridge and Chryston,,,,19292,72.29%,,
constituency_result,Labour,Scotland,Cumbernauld and Kilsyth,,,,11128,75.00%,,
constituency_result,Labour,Scotland,Cunninghame North,,,,11039,74.07%,,
constituency_result,Labour,Scotland,Cunninghame South,,,,14869,71.54%,,
constituency_result,Labour,Scotland,Dumbarton,,,,10883,73.39%,,
constituency_result,Labour,Scotland,Dumfries,,,,9643,78.92%,,
constituency_result,Labour,Scotland,Dundee East,,,,9961,69.41%,,
constituency_result,Labour,Scotland,Dundee West,,,,11859,67.67%,,
constituency_result,Labour,Scotland,Dunfermline East,,,,18751,70.25%,,
constituency_result,Labour,Scotland,Dunfermline West,,,,12354,69.44%,,
constituency_result,Labour,Scotland,East Kilbride,,,,17384,74.81%,,
constituency_result,Labour,Scotland,East Lothian,,,,14221,75.61%,,
constituency_result,Labour,Scotland,Eastwood,,,,3236,78.34%,,
constituency_result,Labour,Scotland,Edinburgh Central,,,,11070,67.09%,,
constituency_result,Labour,Scotland,Edinburgh East and Musselburgh,,,,14530,70.61%,,
constituency_result,Labour,Scotland,Edinburgh North and Leith,,,,10978,66.45%,,
constituency_result,Labour,Scotland,Edinburgh Pentlands,,,,4862,76.70%,,
constituency_result,Labour,Scotland,Edinburgh South,,,,11452,71.78%,,
constituency_result,Labour,Scotland,Falkirk East,,,,13385,73.24%,,
constituency_result,Labour,Scotland,Falkirk West,,,,13783,72.60%,,
constituency_result,Labour,Scotland,Fife Central,,,,13713,69.90%,,
constituency_result,Labour,Scotland,Glasgow Anniesland,,,,15154,63.98%,,
constituency_result,Labour,Scotland,Glasgow Baillieston,,,,14840,62.27%,,
constituency_result,Labour,Scotland,Glasgow Cathcart,,,,12965,67.71%,,
constituency_result,Labour,Scotland,Glasgow Govan,,,,2914,64.70%,,
constituency_result,Labour,Scotland,Glasgow Kelvin,,,,9665,56.85%,,
constituency_result,Labour,Scotland,Glasgow Maryhill,,,,14264,56.59%,,
constituency_result,Labour,Scotland,Glasgow Pollok,,,,13791,66.56%,,
constituency_result,Labour,Scotland,Glasgow Rutherglen,,,,15007,70.14%,,
constituency_result,Labour,Scotland,Glasgow Shettleston,,,,15868,55.87%,,
constituency_result,Labour,Scotland,Glasgow Springburn,,,,17326,59.05%,,
constituency_result,Labour,Scotland,Greenock and Inverclyde,,,,13040,71.05%,,
constituency_result,Labour,Scotland,Hamilton South,,,,15878,71.07%,,
constituency_result,Labour,Scotland,Hamilton North and Bellshill,,,,17067,70.88%,,
constituency_result,Labour,Scotland,"Inverness East, Nairn and Lochaber",,,,2339,72.71%,,
constituency_result,Labour,Scotland,Kilmarnock and Loudoun,,,,7256,77.24%,,
constituency_result,Labour,Scotland,Kirkcaldy,,,,10710,67.02%,,
constituency_result,Labour,Scotland,Linlithgow,,,,10838,73.84%,,
constituency_result,Labour,Scotland,Livingston,,,,11747,71.04%,,
constituency_result,Labour,Scotland,Midlothian,,,,9870,74.13%,,
constituency_result,Labour,Scotland,Motherwell and Wishaw,,,,12791,70.08%,,
constituency_result,Labour,Scotland,Ochil,,,,4652,77.40%,,
constituency_result,Labour,Scotland,Paisley North,,,,12814,68.65%,,
constituency_result,Labour,Scotland,Paisley South,,,,12750,69.12%,,
constituency_result,Labour,Scotland,Renfrewshire West,,,,7979,76.00%,,
constituency_result,Labour,Scotland,Stirling,,,,6411,81.84%,,
constituency_result,Labour,Scotland,Strathkelvin and Bearsden,,,,16292,78.94%,,
constituency_result,Labour,Scotland,Na h-Eileanan an Iar (Western Isles),,,,3576,70.08%,,
constituency_result,Labour,Wales,Aberavon,,,,21571,71.89%,,
constituency_result,Labour,Wales,Alyn and Deeside,,,,16403,72.21%,,
constituency_result,Labour,Wales,Blaenau Gwent,,,,28035,72.32%,,
constituency_result,Labour,Wales,Bridgend,,,,15248,72.44%,,
constituency_result,Labour,Wales,Caerphilly,,,,25839,70.05%,,
constituency_result,Labour,Wales,Cardiff Central,,,,7923,70.01%,,
constituency_result,Labour,Wales,Cardiff North,,,,8126,80.24%,,
constituency_result,Labour,Wales,Cardiff South and Penarth,,,,13861,68.60%,,
constituency_result,Labour,Wales,Cardiff West,,,,15628,69.21%,,
constituency_result,Labour,Wales,Carmarthen East and Dinefwr,,,,3450,78.62%,,
constituency_result,Labour,Wales,Carmarthen West and Pembrokeshire South,,,,9621,76.52%,,
constituency_result,Labour,Wales,Clwyd South,,,,13810,73.62%,,
constituency_result,Labour,Wales,Clwyd West,,,,1848,75.29%,,
constituency_result,Labour,Wales,Conwy,,,,1596,75.44%,,
constituency_result,Labour,Wales,Cynon Valley,,,,19755,69.22%,,
constituency_result,Labour,Wales,Delyn,,,,12693,75.88%,,
constituency_result,Labour,Wales,Gower,,,,13007,75.12%,,
constituency_result,Labour,Wales,Islwyn,,,,23931,72.03%,,
constituency_result,Labour,Wales,Llanelli,,,,16039,70.66%,,
constituency_result,Labour,Wales,Merthyr Tydfil and Rhymney,,,,27086,69.27%,,
constituency_result,Labour,Wales,Monmouth,,,,4178,80.76%,,
constituency_result,Labour,Wales,Neath,,,,26741,74.28%,,
constituency_result,Labour,Wales,Newport East,,,,13523,73.06%,,
constituency_result,Labour,Wales,Newport West,,,,14537,74.57%,,
constituency_result,Labour,Wales,Ogmore,,,,24447,73.10%,,
constituency_result,Labour,Wales,Pontypridd,,,,23129,71.44%,,
constituency_result,Labour,Wales,Preseli Pembrokeshire,,,,8736,78.40%,,
constituency_result,Labour,Wales,Rhondda,,,,24931,71.46%,,
constituency_result,Labour,Wales,Swansea East,,,,25569,67.41%,,
constituency_result,Labour,Wales,Swansea West,,,,14459,68.94%,,
constituency_result,Labour,Wales,Torfaen,,,,24536,71.67%,,
constituency_result,Labour,Wales,Vale of Clwyd,,,,8955,74.65%,,
constituency_result,Labour,Wales,Vale of Glamorgan,,,,10532,80.21%,,
constituency_result,Labour,Wales,Wrexham,,,,11762,71.78%,,
constituency_result,Conservative,London,Beckenham,,,,4953,74.65%,,
constituency_result,Conservative,London,Bromley and Chislehurst,,,,11118,74.17%,,
constituency_result,Conservative,London,Chingford and Woodford Green,,,,5714,70.66%,,
constituency_result,Conservative,London,Chipping Barnet,,,,1035,71.78%,,
constituency_result,Conservative,London,Cities of London and Westminster,,,,4881,58.16%,,
constituency_result,Conservative,London,Croydon South,,,,11930,73.45%,,
constituency_result,Conservative,London,Kensington and Chelsea,,,,9519,54.71%,,
constituency_result,Conservative,London,Old Bexley and Sidcup,,,,3569,75.53%,,
constituency_result,Conservative,London,Orpington,,,,2952,76.40%,,
constituency_result,Conservative,London,Ruislip Northwood,,,,7794,74.24%,,
constituency_result,Conservative,London,Uxbridge,,,,724,72.26%,,
constituency_result,Conservative,East of England,Bedfordshire Mid,,,,7090,78.41%,,
constituency_result,Conservative,East of England,Bedfordshire South West,,,,132,75.76%,,
constituency_result,Conservative,East of England,Billericay,,,,1356,72.40%,,
constituency_result,Conservative,East of England,Brentwood and Ongar,,,,9690,76.85%,,
constituency_result,Conservative,East of England,Broxbourne,,,,6653,70.41%,,
constituency_result,Conservative,East of England,Bury St Edmunds,,,,368,75.02%,,
constituency_result,Conservative,East of England,Cambridgeshire North East,,,,5101,72.87%,,
constituency_result,Conservative,East of England,Cambridgeshire North West,,,,7754,74.20%,,
constituency_result,Conservative,East of England,Cambridgeshire South,,,,8712,76.85%,,
constituency_result,Conservative,East of England,Cambridgeshire South East,,,,9349,75.08%,,
constituency_result,Conservative,East of England,Chelmsford West,,,,6691,76.99%,,
constituency_result,Conservative,East of England,Epping Forest,,,,5252,72.82%,,
constituency_result,Conservative,East of England,Essex North,,,,5476,75.30%,,
constituency_result,Conservative,East of England,Hertford and Stortford,,,,6885,76.05%,,
constituency_result,Conservative,East of England,Hertfordshire North East,,,,3088,77.42%,,
constituency_result,Conservative,East of England,Hertfordshire South West,,,,10021,77.31%,,
constituency_result,Conservative,East of England,Hertsmere,,,,3075,74.03%,,
constituency_result,Conservative,East of England,Hitchin and Harpenden,,,,6671,77.99%,,
constituency_result,Conservative,East of England,Huntingdon,,,,18140,74.86%,,
constituency_result,Conservative,East of England,Maldon and Chelmsford East,,,,10039,76.13%,,
constituency_result,Conservative,East of England,Norfolk Mid,,,,1336,76.29%,,
constituency_result,Conservative,East of England,Norfolk North,,,,1293,76.27%,,
constituency_result,Conservative,East of England,Norfolk South,,,,7378,78.37%,,
constituency_result,Conservative,East of England,Norfolk South West,,,,2464,73.28%,,
constituency_result,Conservative,East of England,Bedfordshire North East,,,,5883,77.83%,,
constituency_result,Conservative,East of England,Rayleigh,,,,10684,74.65%,,
constituency_result,Conservative,East of England,Rochford and Southend East,,,,4225,63.88%,,
constituency_result,Conservative,East of England,Saffron Walden,,,,10573,76.99%,,
constituency_result,Conservative,East of England,Southend West,,,,2615,69.95%,,
constituency_result,Conservative,East of England,Suffolk Central and Ipswich North,,,,3538,75.22%,,
constituency_result,Conservative,East of England,Suffolk Coastal,,,,3254,75.80%,,
constituency_result,Conservative,East of England,Suffolk South,,,,4175,77.20%,,
constituency_result,Conservative,East of England,Suffolk West,,,,1867,71.51%,,
constituency_result,Conservative,South East,Aldershot,,,,6621,71.07%,,
constituency_result,Conservative,South East,Arundel and South Downs,,,,14035,75.90%,,
constituency_result,Conservative,South East,Ashford,,,,5355,74.57%,,
constituency_result,Conservative,South East,Aylesbury,,,,8419,72.81%,,
constituency_result,Conservative,South East,Banbury,,,,4737,75.46%,,
constituency_result,Conservative,South East,Basingstoke,,,,2397,74.16%,,
constituency_result,Conservative,South East,Beaconsfield,,,,13987,72.80%,,
constituency_result,Conservative,South East,Bexhill and Battle,,,,11100,74.70%,,
constituency_result,Conservative,South East,Bognor Regis and Littlehampton,,,,7321,69.86%,,
constituency_result,Conservative,South East,Bracknell,,,,10387,74.52%,,
constituency_result,Conservative,South East,Buckingham,,,,12386,78.48%,,
constituency_result,Conservative,South East,Canterbury,,,,3964,72.58%,,
constituency_result,Conservative,South East,Chesham and Amersham,,,,13859,75.38%,,
constituency_result,Conservative,South East,Chichester,,,,9734,74.88%,,
constituency_result,Conservative,South East,Eastbourne,,,,1994,72.80%,,
constituency_result,Conservative,South East,Epsom and Ewell,,,,11525,74.00%,,
constituency_result,Conservative,South East,Esher and Walton,,,,14528,74.14%,,
constituency_result,Conservative,South East,Fareham,,,,10358,75.85%,,
constituency_result,Conservative,South East,Faversham and Kent Mid,,,,4173,73.50%,,
constituency_result,Conservative,South East,Folkestone and Hythe,,,,6332,73.15%,,
constituency_result,Conservative,South East,Gosport,,,,6258,70.25%,,
constituency_result,Conservative,South East,Guildford,,,,4791,75.40%,,
constituency_result,Conservative,South East,Hampshire East,,,,11590,75.88%,,
constituency_result,Conservative,South East,Hampshire North East,,,,14398,73.95%,,
constituency_result,Conservative,South East,Hampshire North West,,,,11551,74.66%,,
constituency_result,Conservative,South East,Havant,,,,3729,70.63%,,
constituency_result,Conservative,South East,Henley,,,,11167,77.60%,,
constituency_result,Conservative,South East,Horsham,,,,14862,75.78%,,
constituency_result,Conservative,South East,Maidenhead,,,,11981,75.61%,,
constituency_result,Conservative,South East,Maidstone and The Weald,,,,9603,73.98%,,
constituency_result,Conservative,South East,Mole Valley,,,,10221,78.86%,,
constituency_result,Conservative,South East,New Forest East,,,,5215,74.64%,,
constituency_result,Conservative,South East,New Forest West,,,,11332,74.79%,,
constituency_result,Conservative,South East,Reigate,,,,7741,74.40%,,
constituency_result,Conservative,South East,Romsey,,,,8585,76.99%,,
constituency_result,Conservative,South East,Runnymede and Weybridge,,,,9875,71.44%,,
constituency_result,Conservative,South East,Sevenoaks,,,,10461,75.44%,,
constituency_result,Conservative,South East,Spelthorne,,,,3473,73.58%,,
constituency_result,Conservative,South East,Surrey East,,,,15093,75.02%,,
constituency_result,Conservative,South East,Surrey Heath,,,,16287,74.14%,,
constituency_result,Conservative,South East,Surrey South West,,,,2694,78.03%,,
constituency_result,Conservative,South East,Sussex Mid,,,,6854,77.73%,,
constituency_result,Conservative,South East,Thanet North,,,,2766,68.84%,,
constituency_result,Conservative,South East,Tonbridge and Malling,,,,10230,75.97%,,
constituency_result,Conservative,South East,Tunbridge Wells,,,,7506,74.10%,,
constituency_result,Conservative,South East,Wantage,,,,6089,78.22%,,
constituency_result,Conservative,South East,Wealden,,,,14204,74.32%,,
constituency_result,Conservative,South East,Windsor,,,,9917,73.46%,,
constituency_result,Conservative,South East,Witney,,,,7028,76.72%,,
constituency_result,Conservative,South East,Woking,,,,5678,72.68%,,
constituency_result,Conservative,South East,Wokingham,,,,9365,75.74%,,
constituency_result,Conservative,South East,Worthing East and Shoreham,,,,5098,72.87%,,
constituency_result,Conservative,South East,Worthing West,,,,7713,72.12%,,
constituency_result,Conservative,South East,Wycombe,,,,2370,71.10%,,
constituency_result,Conservative,South West,Bournemouth East,,,,4342,70.21%,,
constituency_result,Conservative,South West,Bournemouth West,,,,5710,66.22%,,
constituency_result,Conservative,South West,Bridgwater,,,,1796,74.79%,,
constituency_result,Conservative,South West,Christchurch,,,,2165,78.61%,,
constituency_result,Conservative,South West,"Cotswolds, The",,,,11965,75.92%,,
constituency_result,Conservative,South West,Devizes,,,,9782,74.69%,,
constituency_result,Conservative,South West,Devon East,,,,7494,76.05%,,
constituency_result,Conservative,South West,Devon South West,,,,7397,76.17%,,
constituency_result,Conservative,South West,Dorset Mid and Poole North,,,,681,75.67%,,
constituency_result,Conservative,South West,Dorset South,,,,77,74.16%,,
constituency_result,Conservative,South West,Dorset West,,,,1840,76.10%,,
constituency_result,Conservative,South West,Dorset North,,,,2746,76.30%,,
constituency_result,Conservative,South West,Poole,,,,5298,70.84%,,
constituency_result,Conservative,South West,Salisbury,,,,6276,73.75%,,
constituency_result,Conservative,South West,Teignbridge,,,,281,77.08%,,
constituency_result,Conservative,South West,Tewkesbury,,,,9234,76.46%,,
constituency_result,Conservative,South West,Tiverton and Honiton,,,,1653,78.06%,,
constituency_result,Conservative,South West,Totnes,,,,877,76.30%,,
constituency_result,Conservative,South West,Wells,,,,528,78.11%,,
constituency_result,Conservative,South West,Westbury,,,,6088,76.35%,,
constituency_result,Conservative,South West,Wiltshire North,,,,3475,75.11%,,
constituency_result,Conservative,South West,Woodspring,,,,7734,78.55%,,
constituency_result,Conservative,East Midlands,Blaby,,,,6474,76.05%,,
constituency_result,Conservative,East Midlands,Boston and Skegness,,,,647,68.87%,,
constituency_result,Conservative,East Midlands,Bosworth,,,,1027,76.57%,,
constituency_result,Conservative,East Midlands,Charnwood,,,,5900,77.28%,,
constituency_result,Conservative,East Midlands,Daventry,,,,7378,77.04%,,
constituency_result,Conservative,East Midlands,Derbyshire West,,,,4885,78.23%,,
constituency_result,Conservative,East Midlands,Gainsborough,,,,6826,74.56%,,
constituency_result,Conservative,East Midlands,Grantham and Stamford,,,,2692,73.25%,,
constituency_result,Conservative,East Midlands,Harborough,,,,6524,75.27%,,
constituency_result,Conservative,East Midlands,Louth and Horncastle,,,,6900,72.58%,,
constituency_result,Conservative,East Midlands,Rushcliffe,,,,5055,78.89%,,
constituency_result,Conservative,East Midlands,Rutland and Melton,,,,8836,75.02%,,
constituency_result,Conservative,East Midlands,Sleaford and North Hykeham,,,,5123,74.39%,,
constituency_result,Conservative,East Midlands,South Holland and The Deepings,,,,7991,71.98%,,
constituency_result,Conservative,West Midlands,Aldridge-Brownhills,,,,2526,74.26%,,
constituency_result,Conservative,West Midlands,Bromsgrove,,,,4845,77.14%,,
constituency_result,Conservative,West Midlands,Leominster,,,,8835,76.60%,,
constituency_result,Conservative,West Midlands,Lichfield,,,,238,77.48%,,
constituency_result,Conservative,West Midlands,Ludlow,,,,5909,75.55%,,
constituency_result,Conservative,West Midlands,Meriden,,,,582,71.73%,,
constituency_result,Conservative,West Midlands,Shropshire North,,,,2195,72.71%,,
constituency_result,Conservative,West Midlands,Solihull,,,,11397,74.66%,,
constituency_result,Conservative,West Midlands,Staffordshire South,,,,7821,74.19%,,
constituency_result,Conservative,West Midlands,Stone,,,,3818,77.77%,,
constituency_result,Conservative,West Midlands,Stratford-on-Avon,,,,14106,76.26%,,
constituency_result,Conservative,West Midlands,Sutton Coldfield,,,,14885,72.92%,,
constituency_result,Conservative,West Midlands,Worcestershire Mid,,,,9412,74.32%,,
constituency_result,Conservative,West Midlands,Worcestershire West,,,,3846,76.25%,,
constituency_result,Conservative,Yorkshire and the Humber,Beverley and Holderness,,,,1211,73.06%,,
constituency_result,Conservative,Yorkshire and the Humber,Haltemprice and Howden,,,,7514,75.53%,,
constituency_result,Conservative,Yorkshire and the Humber,Richmond (Yorks),,,,10051,73.38%,,
constituency_result,Conservative,Yorkshire and the Humber,Ryedale,,,,5058,74.80%,,
constituency_result,Conservative,Yorkshire and the Humber,Skipton and Ripon,,,,11620,75.44%,,
constituency_result,Conservative,Yorkshire and the Humber,Vale of York,,,,9721,76.01%,,
constituency_result,Conservative,Yorkshire and the Humber,Yorkshire East,,,,3337,70.55%,,
constituency_result,Conservative,North East,Hexham,,,,222,77.52%,,
constituency_result,Conservative,North West,Altrincham and Sale West,,,,1505,73.32%,,
constituency_result,Conservative,North West,Cheadle,,,,3189,77.58%,,
constituency_result,Conservative,North West,Congleton,,,,6130,77.56%,,
constituency_result,Conservative,North West,Eddisbury,,,,1185,75.78%,,
constituency_result,Conservative,North West,Fylde,,,,8963,72.94%,,
constituency_result,Conservative,North West,Macclesfield,,,,8654,75.22%,,
constituency_result,Conservative,North West,Penrith and The Border,,,,10233,73.63%,,
constituency_result,Conservative,North West,Ribble Valley,,,,6640,78.75%,,
constituency_result,Conservative,North West,Westmorland and Lonsdale,,,,4521,74.25%,,
constituency_result,Liberal Democrat,London,Carshalton and Wallington,,,,2267,73.33%,,
constituency_result,Liberal Democrat,London,Kingston and Surbiton,,,,56,75.35%,,
constituency_result,Liberal Democrat,London,Richmond Park,,,,2951,79.43%,,
constituency_result,Liberal Democrat,London,Southwark North and Bermondsey,,,,3387,62.19%,,
constituency_result,Liberal Democrat,London,Sutton and Cheam,,,,2097,75.01%,,
constituency_result,Liberal Democrat,London,Twickenham,,,,4281,79.34%,,
constituency_result,Liberal Democrat,East of England,Colchester,,,,1581,69.58%,,
constituency_result,Liberal Democrat,South East,Eastleigh,,,,754,76.91%,,
constituency_result,Liberal Democrat,South East,Isle of Wight,,,,6406,71.95%,,
constituency_result,Liberal Democrat,South East,Lewes,,,,1300,76.42%,,
constituency_result,Liberal Democrat,South East,Newbury,,,,8517,76.65%,,
constituency_result,Liberal Democrat,South East,Oxford West and Abingdon,,,,6285,77.14%,,
constituency_result,Liberal Democrat,South East,Portsmouth South,,,,4327,64.21%,,
constituency_result,Liberal Democrat,South East,Winchester,,,,2,78.66%,,
constituency_result,Liberal Democrat,South West,Bath,,,,9319,76.24%,,
constituency_result,Liberal Democrat,South West,Cheltenham,,,,6645,74.03%,,
constituency_result,Liberal Democrat,South West,Cornwall South East,,,,6480,75.74%,,
constituency_result,Liberal Democrat,South West,Devon West and Torridge,,,,1957,77.91%,,
constituency_result,Liberal Democrat,South West,Cornwall North,,,,13847,73.05%,,
constituency_result,Liberal Democrat,South West,Devon North,,,,6181,77.92%,,
constituency_result,Liberal Democrat,South West,Northavon,,,,2137,79.21%,,
constituency_result,Liberal Democrat,South West,Somerton and Frome,,,,130,77.58%,,
constituency_result,Liberal Democrat,South West,St Ives,,,,7170,75.20%,,
constituency_result,Liberal Democrat,South West,Taunton,,,,2443,76.47%,,
constituency_result,Liberal Democrat,South West,Torbay,,,,12,73.79%,,
constituency_result,Liberal Democrat,South West,Truro and St Austell,,,,12501,73.87%,,
constituency_result,Liberal Democrat,South West,Weston-Super-Mare,,,,1274,73.68%,,
constituency_result,Liberal Democrat,South West,Yeovil,,,,11403,72.88%,,
constituency_result,Liberal Democrat,West Midlands,Hereford,,,,6648,75.22%,,
constituency_result,Liberal Democrat,Yorkshire and the Humber,Harrogate and Knaresborough,,,,6236,73.13%,,
constituency_result,Liberal Democrat,Yorkshire and the Humber,Sheffield Hallam,,,,8271,72.38%,,
constituency_result,Liberal Democrat,North East,Berwick-upon-Tweed,,,,8042,74.08%,,
constituency_result,Liberal Democrat,North West,Hazel Grove,,,,11814,77.46%,,
constituency_result,Liberal Democrat,North West,Southport,,,,6160,72.09%,,
constituency_result,Liberal Democrat,Scotland,Aberdeenshire West and Kincardine,,,,2662,73.07%,,
constituency_result,Liberal Democrat,Scotland,Argyll and Bute,,,,6081,72.23%,,
constituency_result,Liberal Democrat,Scotland,"Caithness, Sutherland and Easter Ross",,,,2259,70.18%,,
constituency_result,Liberal Democrat,Scotland,Edinburgh West,,,,7253,77.91%,,
constituency_result,Liberal Democrat,Scotland,Fife North East,,,,10356,71.16%,,
constituency_result,Liberal Democrat,Scotland,Gordon,,,,6997,71.89%,,
constituency_result,Liberal Democrat,Scotland,Orkney and Shetland,,,,6968,64.00%,,
constituency_result,Liberal Democrat,Scotland,"Ross, Skye and Inverness West",,,,4019,71.81%,,
constituency_result,Liberal Democrat,Scotland,Roxburgh and Berwickshire,,,,7906,73.91%,,
constituency_result,Liberal Democrat,Scotland,"Tweeddale, Ettrick and Lauderdale",,,,1489,76.64%,,
constituency_result,Liberal Democrat,Wales,Brecon and Radnorshire,,,,5097,82.24%,,
constituency_result,Liberal Democrat,Wales,Montgomeryshire,,,,6303,74.91%,,
constituency_result,UUP,Northern Ireland,Antrim East,,,,6389,58.25%,,
constituency_result,UUP,Northern Ireland,Antrim South,,,,16611,57.91%,,
constituency_result,UUP,Northern Ireland,Belfast North,,,,13024,64.19%,,
constituency_result,UUP,Northern Ireland,Belfast South,,,,4600,62.24%,,
constituency_result,UUP,Northern Ireland,Fermanagh and South Tyrone,,,,13688,74.75%,,
constituency_result,UUP,Northern Ireland,Lagan Valley,,,,16925,62.21%,,
constituency_result,UUP,Northern Ireland,Londonderry East,,,,3794,64.77%,,
constituency_result,UUP,Northern Ireland,Strangford,,,,5852,59.47%,,
constituency_result,UUP,Northern Ireland,Tyrone West,,,,1161,79.55%,,
constituency_result,UUP,Northern Ireland,Upper Bann,,,,9252,67.88%,,
constituency_result,SNP,Scotland,Angus,,,,10189,72.14%,,
constituency_result,SNP,Scotland,Banff and Buchan,,,,12845,68.69%,,
constituency_result,SNP,Scotland,Galloway and Upper Nithsdale,,,,5624,79.65%,,
constituency_result,SNP,Scotland,Moray,,,,5566,68.21%,,
constituency_result,SNP,Scotland,Perth,,,,3141,73.87%,,
constituency_result,SNP,Scotland,Tayside North,,,,4160,74.25%,,
constituency_result,Plaid Cymru,Wales,Caernarfon,,,,7449,73.72%,,
constituency_result,Plaid Cymru,Wales,Ceredigion,,,,6961,73.90%,,
constituency_result,Plaid Cymru,Wales,Meirionnydd Nant Conwy,,,,6805,75.98%,,
constituency_result,Plaid Cymru,Wales,Ynys Mon,,,,2481,75.41%,,
constituency_result,SDLP,Northern Ireland,Down South,,,,9933,70.84%,,
constituency_result,SDLP,Northern Ireland,Foyle,,,,13664,70.71%,,
constituency_result,SDLP,Northern Ireland,Newry and Armagh,,,,4889,75.40%,,
constituency_result,DUP,Northern Ireland,Antrim North,,,,10574,63.78%,,
constituency_result,DUP,Northern Ireland,Belfast East,,,,6754,63.21%,,
constituency_result,Sinn Féin,Northern Ireland,Belfast West,,,,7909,74.27%,,
constituency_result,Sinn Féin,Northern Ireland,Ulster Mid,,,,1883,86.12%,,
constituency_result,Speaker,West Midlands,West Bromwich West,,,,15423,54.37%,,
constituency_result,Independents,Northern Ireland,Down North,,,,1449,58.02%,,
constituency_result,Independents,North West,Tatton,,,,11077,76.45,,
